{
  "0_the_fool": {
    "upright": "Позитивный аспект: рост, возможности, развитие.",
    "reversed": "Негативный аспект: преграды, потери, затруднения."
  },
  "1_the_magician": {
    "upright": "Позитивный аспект: рост, возможности, развитие.",
    "reversed": "Негативный аспект: преграды, потери, затруднения."
  },
  "2_the_high_priestess": {
    "upright": "Позитивный аспект: рост, возможности, развитие.",
    "reversed": "Негативный аспект: преграды, потери, затруднения."
  },
  "3_the_empress": {
    "upright": "Позитивный аспект: рост, возможности, развитие.",
    "reversed": "Негативный аспект: преграды, потери, затруднения."
  },
  "4_the_emperor": {
    "upright": "Позитивный аспект: рост, возможности, развитие.",
    "reversed": "Негативный аспект: преграды, потери, затруднения."
  },
  "5_the_hierophant": {
    "upright": "Позитивный аспект: рост, возможности, развитие.",
    "reversed": "Негативный аспект: преграды, потери, затруднения."
  },
  "6_the_lovers": {
    "upright": "Позитивный аспект: рост, возможности, развитие.",
    "reversed": "Негативный аспект: преграды, потери, затруднения."
  },
  "7_the_chariot": {
    "upright": "Позитивный аспект: рост, возможности, развитие.",
    "reversed": "Негативный аспект: преграды, потери, затруднения."
  },
  "8_strength": {
    "upright": "Позитивный аспект: рост, возможности, развитие.",
    "reversed": "Негативный аспект: преграды, потери, затруднения."
  },
  "9_the_hermit": {
    "upright": "Позитивный аспект: рост, возможности, развитие.",
    "reversed": "Негативный аспект: преграды, потери, затруднения."
  },
  "10_wheel_of_fortune": {
    "upright": "Позитивный аспект: рост, возможности, развитие.",
    "reversed": "Негативный аспект: преграды, потери, затруднения."
  },
  "11_justice": {
    "upright": "Позитивный аспект: рост, возможности, развитие.",
    "reversed": "Негативный аспект: преграды, потери, затруднения."
  },
  "12_the_hanged_man": {
    "upright": "Позитивный аспект: рост, возможности, развитие.",
    "reversed": "Негативный аспект: преграды, потери, затруднения."
  },
  "13_death": {
    "upright": "Позитивный аспект: рост, возможности, развитие.",
    "reversed": "Негативный аспект: преграды, потери, затруднения."
  },
  "14_temperance": {
    "upright": "Позитивный аспект: рост, возможности, развитие.",
    "reversed": "Негативный аспект: преграды, потери, затруднения."
  },
  "15_the_devil": {
    "upright": "Позитивный аспект: рост, возможности, развитие.",
    "reversed": "Негативный аспект: преграды, потери, затруднения."
  },
  "16_the_tower": {
    "upright": "Позитивный аспект: рост, возможности, развитие.",
    "reversed": "Негативный аспект: преграды, потери, затруднения."
  },
  "17_the_star": {
    "upright": "Позитивный аспект: рост, возможности, развитие.",
    "reversed": "Негативный аспект: преграды, потери, затруднения."
  },
  "18_the_moon": {
    "upright": "Позитивный аспект: рост, возможности, развитие.",
    "reversed": "Негативный аспект: преграды, потери, затруднения."
  },
  "19_the_sun": {
    "upright": "Позитивный аспект: рост, возможности, развитие.",
    "reversed": "Негативный аспект: преграды, потери, затруднения."
  },
  "20_judgement": {
    "upright": "Позитивный аспект: рост, возможности, развитие.",
    "reversed": "Негативный аспект: преграды, потери, затруднения."
  },
  "21_the_world": {
    "upright": "Позитивный аспект: рост, возможности, развитие.",
    "reversed": "Негативный аспект: преграды, потери, затруднения."
  },
  "ace_of_wands": {
    "upright": "Позитивный аспект: рост, возможности, развитие.",
    "reversed": "Негативный аспект: преграды, потери, затруднения."
  },
  "two_of_wands": {
    "upright": "Позитивный аспект: рост, возможности, развитие.",
    "reversed": "Негативный аспект: преграды, потери, затруднения."
  },
  "three_of_wands": {
    "upright": "Позитивный аспект: рост, возможности, развитие.",
    "reversed": "Негативный аспект: преграды, потери, затруднения."
  },
  "four_of_wands": {
    "upright": "Позитивный аспект: рост, возможности, развитие.",
    "reversed": "Негативный аспект: преграды, потери, затруднения."
  },
  "five_of_wands": {
    "upright": "Позитивный аспект: рост, возможности, развитие.",
    "reversed": "Негативный аспект: преграды, потери, затруднения."
  },
  "six_of_wands": {
    "upright": "Позитивный аспект: рост, возможности, развитие.",
    "reversed": "Негативный аспект: преграды, потери, затруднения."
  },
  "seven_of_wands": {
    "upright": "Позитивный аспект: рост, возможности, развитие.",
    "reversed": "Негативный аспект: преграды, потери, затруднения."
  },
  "eight_of_wands": {
    "upright": "Позитивный аспект: рост, возможности, развитие.",
    "reversed": "Негативный аспект: преграды, потери, затруднения."
  },
  "nine_of_wands": {
    "upright": "Позитивный аспект: рост, возможности, развитие.",
    "reversed": "Негативный аспект: преграды, потери, затруднения."
  },
  "ten_of_wands": {
    "upright": "Позитивный аспект: рост, возможности, развитие.",
    "reversed": "Негативный аспект: преграды, потери, затруднения."
  },
  "page_of_wands": {
    "upright": "Позитивный аспект: рост, возможности, развитие.",
    "reversed": "Негативный аспект: преграды, потери, затруднения."
  },
  "knight_of_wands": {
    "upright": "Позитивный аспект: рост, возможности, развитие.",
    "reversed": "Негативный аспект: преграды, потери, затруднения."
  },
  "queen_of_wands": {
    "upright": "Позитивный аспект: рост, возможности, развитие.",
    "reversed": "Негативный аспект: преграды, потери, затруднения."
  },
  "king_of_wands": {
    "upright": "Позитивный аспект: рост, возможности, развитие.",
    "reversed": "Негативный аспект: преграды, потери, затруднения."
  },
  "ace_of_cups": {
    "upright": "Позитивный аспект: рост, возможности, развитие.",
    "reversed": "Негативный аспект: преграды, потери, затруднения."
  },
  "two_of_cups": {
    "upright": "Позитивный аспект: рост, возможности, развитие.",
    "reversed": "Негативный аспект: преграды, потери, затруднения."
  },
  "three_of_cups": {
    "upright": "Позитивный аспект: рост, возможности, развитие.",
    "reversed": "Негативный аспект: преграды, потери, затруднения."
  },
  "four_of_cups": {
    "upright": "Позитивный аспект: рост, возможности, развитие.",
    "reversed": "Негативный аспект: преграды, потери, затруднения."
  },
  "five_of_cups": {
    "upright": "Позитивный аспект: рост, возможности, развитие.",
    "reversed": "Негативный аспект: преграды, потери, затруднения."
  },
  "six_of_cups": {
    "upright": "Позитивный аспект: рост, возможности, развитие.",
    "reversed": "Негативный аспект: преграды, потери, затруднения."
  },
  "seven_of_cups": {
    "upright": "Позитивный аспект: рост, возможности, развитие.",
    "reversed": "Негативный аспект: преграды, потери, затруднения."
  },
  "eight_of_cups": {
    "upright": "Позитивный аспект: рост, возможности, развитие.",
    "reversed": "Негативный аспект: преграды, потери, затруднения."
  },
  "nine_of_cups": {
    "upright": "Позитивный аспект: рост, возможности, развитие.",
    "reversed": "Негативный аспект: преграды, потери, затруднения."
  },
  "ten_of_cups": {
    "upright": "Позитивный аспект: рост, возможности, развитие.",
    "reversed": "Негативный аспект: преграды, потери, затруднения."
  },
  "page_of_cups": {
    "upright": "Позитивный аспект: рост, возможности, развитие.",
    "reversed": "Негативный аспект: преграды, потери, затруднения."
  },
  "knight_of_cups": {
    "upright": "Позитивный аспект: рост, возможности, развитие.",
    "reversed": "Негативный аспект: преграды, потери, затруднения."
  },
  "queen_of_cups": {
    "upright": "Позитивный аспект: рост, возможности, развитие.",
    "reversed": "Негативный аспект: преграды, потери, затруднения."
  },
  "king_of_cups": {
    "upright": "Позитивный аспект: рост, возможности, развитие.",
    "reversed": "Негативный аспект: преграды, потери, затруднения."
  },
  "ace_of_swords": {
    "upright": "Позитивный аспект: рост, возможности, развитие.",
    "reversed": "Негативный аспект: преграды, потери, затруднения."
  },
  "two_of_swords": {
    "upright": "Позитивный аспект: рост, возможности, развитие.",
    "reversed": "Негативный аспект: преграды, потери, затруднения."
  },
  "three_of_swords": {
    "upright": "Позитивный аспект: рост, возможности, развитие.",
    "reversed": "Негативный аспект: преграды, потери, затруднения."
  },
  "four_of_swords": {
    "upright": "Позитивный аспект: рост, возможности, развитие.",
    "reversed": "Негативный аспект: преграды, потери, затруднения."
  },
  "five_of_swords": {
    "upright": "Позитивный аспект: рост, возможности, развитие.",
    "reversed": "Негативный аспект: преграды, потери, затруднения."
  },
  "six_of_swords": {
    "upright": "Позитивный аспект: рост, возможности, развитие.",
    "reversed": "Негативный аспект: преграды, потери, затруднения."
  },
  "seven_of_swords": {
    "upright": "Позитивный аспект: рост, возможности, развитие.",
    "reversed": "Негативный аспект: преграды, потери, затруднения."
  },
  "eight_of_swords": {
    "upright": "Позитивный аспект: рост, возможности, развитие.",
    "reversed": "Негативный аспект: преграды, потери, затруднения."
  },
  "nine_of_swords": {
    "upright": "Позитивный аспект: рост, возможности, развитие.",
    "reversed": "Негативный аспект: преграды, потери, затруднения."
  },
  "ten_of_swords": {
    "upright": "Позитивный аспект: рост, возможности, развитие.",
    "reversed": "Негативный аспект: преграды, потери, затруднения."
  },
  "page_of_swords": {
    "upright": "Позитивный аспект: рост, возможности, развитие.",
    "reversed": "Негативный аспект: преграды, потери, затруднения."
  },
  "knight_of_swords": {
    "upright": "Позитивный аспект: рост, возможности, развитие.",
    "reversed": "Негативный аспект: преграды, потери, затруднения."
  },
  "queen_of_swords": {
    "upright": "Позитивный аспект: рост, возможности, развитие.",
    "reversed": "Негативный аспект: преграды, потери, затруднения."
  },
  "king_of_swords": {
    "upright": "Позитивный аспект: рост, возможности, развитие.",
    "reversed": "Негативный аспект: преграды, потери, затруднения."
  },
  "ace_of_pentacles": {
    "upright": "Позитивный аспект: рост, возможности, развитие.",
    "reversed": "Негативный аспект: преграды, потери, затруднения."
  },
  "two_of_pentacles": {
    "upright": "Позитивный аспект: рост, возможности, развитие.",
    "reversed": "Негативный аспект: преграды, потери, затруднения."
  },
  "three_of_pentacles": {
    "upright": "Позитивный аспект: рост, возможности, развитие.",
    "reversed": "Негативный аспект: преграды, потери, затруднения."
  },
  "four_of_pentacles": {
    "upright": "Позитивный аспект: рост, возможности, развитие.",
    "reversed": "Негативный аспект: преграды, потери, затруднения."
  },
  "five_of_pentacles": {
    "upright": "Позитивный аспект: рост, возможности, развитие.",
    "reversed": "Негативный аспект: преграды, потери, затруднения."
  },
  "six_of_pentacles": {
    "upright": "Позитивный аспект: рост, возможности, развитие.",
    "reversed": "Негативный аспект: преграды, потери, затруднения."
  },
  "seven_of_pentacles": {
    "upright": "Позитивный аспект: рост, возможности, развитие.",
    "reversed": "Негативный аспект: преграды, потери, затруднения."
  },
  "eight_of_pentacles": {
    "upright": "Позитивный аспект: рост, возможности, развитие.",
    "reversed": "Негативный аспект: преграды, потери, затруднения."
  },
  "nine_of_pentacles": {
    "upright": "Позитивный аспект: рост, возможности, развитие.",
    "reversed": "Негативный аспект: преграды, потери, затруднения."
  },
  "ten_of_pentacles": {
    "upright": "Позитивный аспект: рост, возможности, развитие.",
    "reversed": "Негативный аспект: преграды, потери, затруднения."
  },
  "page_of_pentacles": {
    "upright": "Позитивный аспект: рост, возможности, развитие.",
    "reversed": "Негативный аспект: преграды, потери, затруднения."
  },
  "knight_of_pentacles": {
    "upright": "Позитивный аспект: рост, возможности, развитие.",
    "reversed": "Негативный аспект: преграды, потери, затруднения."
  },
  "queen_of_pentacles": {
    "upright": "Позитивный аспект: рост, возможности, развитие.",
    "reversed": "Негативный аспект: преграды, потери, затруднения."
  },
  "king_of_pentacles": {
    "upright": "Позитивный аспект: рост, возможности, развитие.",
    "reversed": "Негативный аспект: преграды, потери, затруднения."
  }
}